{"stat.walkOneCm":13068,"stat.craftItem.minecraft.planks":28,"stat.leaveGame":6,"stat.pickup.minecraft.leather":1,"stat.craftItem.minecraft.crafting_table":1,"stat.useItem.minecraft.wooden_pickaxe":6,"stat.mobKills":1,"stat.pickup.minecraft.cobblestone":6,"stat.mineBlock.minecraft.log":7,"stat.pickup.minecraft.log":7,"stat.flyOneCm":601,"stat.jump":38,"stat.mineBlock.minecraft.leaves":1,"stat.playOneMinute":6726,"stat.fallOneCm":478,"stat.pickup.minecraft.beef":1,"stat.damageDealt":98,"stat.timeSinceDeath":6726,"stat.killEntity.Cow":1,"stat.pickup.minecraft.dirt":6,"stat.sprintOneCm":3037,"stat.mineBlock.minecraft.dirt":6,"stat.useItem.minecraft.stone_slab2":1,"stat.craftItem.minecraft.wooden_pickaxe":1,"stat.mineBlock.minecraft.stone":6,"stat.craftItem.minecraft.stick":4,"stat.craftingTableInteraction":1}